Match_ID,Timestamp,Match_Success
1,2025-04-06 02:48:27.177742,0
2,2025-04-14 02:48:27.177777,1
3,2025-03-27 02:48:27.177787,0
4,2025-03-26 02:48:27.177796,1
5,2025-04-18 02:48:27.177804,1
6,2025-03-28 02:48:27.177812,1
7,2025-04-18 02:48:27.177821,1
8,2025-04-01 02:48:27.177830,1
9,2025-04-04 02:48:27.177840,1
10,2025-04-02 02:48:27.177849,1
11,2025-04-08 02:48:27.177857,1
12,2025-03-29 02:48:27.177865,1
13,2025-03-24 02:48:27.177873,1
14,2025-03-25 02:48:27.177881,1
15,2025-03-28 02:48:27.177889,0
16,2025-03-23 02:48:27.177896,1
17,2025-03-23 02:48:27.177905,1
18,2025-04-02 02:48:27.177913,1
19,2025-04-06 02:48:27.177921,1
20,2025-04-18 02:48:27.177929,1
21,2025-04-17 02:48:27.177936,1
22,2025-04-10 02:48:27.177944,1
23,2025-04-16 02:48:27.177952,1
24,2025-04-18 02:48:27.177959,1
25,2025-03-29 02:48:27.177967,1
26,2025-04-03 02:48:27.177975,1
27,2025-03-27 02:48:27.177983,1
28,2025-04-13 02:48:27.177991,1
29,2025-03-22 02:48:27.177999,1
30,2025-04-02 02:48:27.178007,1
31,2025-04-14 02:48:27.178015,1
32,2025-04-14 02:48:27.178022,1
33,2025-04-13 02:48:27.178030,1
34,2025-04-16 02:48:27.178038,1
35,2025-03-29 02:48:27.178046,1
36,2025-03-27 02:48:27.178054,1
37,2025-04-14 02:48:27.178062,1
38,2025-03-29 02:48:27.178070,0
39,2025-04-14 02:48:27.178078,1
40,2025-04-09 02:48:27.178086,1
41,2025-04-09 02:48:27.178094,1
42,2025-03-31 02:48:27.178103,1
43,2025-04-02 02:48:27.178111,0
44,2025-03-29 02:48:27.178118,1
45,2025-04-05 02:48:27.178126,1
46,2025-04-10 02:48:27.178134,1
47,2025-04-05 02:48:27.178142,1
48,2025-04-18 02:48:27.178150,0
49,2025-03-31 02:48:27.178157,1
50,2025-04-06 02:48:27.178165,1
51,2025-04-06 02:48:27.178173,1
52,2025-04-15 02:48:27.178181,1
53,2025-03-20 02:48:27.178189,1
54,2025-04-18 02:48:27.178196,1
55,2025-04-02 02:48:27.178203,1
56,2025-04-11 02:48:27.178210,0
57,2025-04-17 02:48:27.178217,0
58,2025-03-22 02:48:27.178224,1
59,2025-04-11 02:48:27.178232,0
60,2025-04-12 02:48:27.178240,1
61,2025-03-24 02:48:27.178247,0
62,2025-03-24 02:48:27.178254,1
63,2025-04-17 02:48:27.178261,1
64,2025-03-28 02:48:27.178268,1
65,2025-03-28 02:48:27.178276,1
66,2025-04-16 02:48:27.178284,1
67,2025-03-23 02:48:27.178292,1
68,2025-04-01 02:48:27.178300,1
69,2025-04-07 02:48:27.178307,1
70,2025-04-18 02:48:27.178315,0
71,2025-03-28 02:48:27.178322,1
72,2025-04-07 02:48:27.178329,1
73,2025-04-14 02:48:27.178337,1
74,2025-03-20 02:48:27.178344,1
75,2025-03-20 02:48:27.178351,1
76,2025-03-23 02:48:27.178358,1
77,2025-03-25 02:48:27.178366,1
78,2025-04-02 02:48:27.178374,1
79,2025-04-03 02:48:27.178382,0
80,2025-04-04 02:48:27.178390,1
81,2025-03-27 02:48:27.178397,1
82,2025-04-04 02:48:27.178405,1
83,2025-04-14 02:48:27.178412,1
84,2025-03-29 02:48:27.178420,1
85,2025-04-05 02:48:27.178427,1
86,2025-04-17 02:48:27.178461,1
87,2025-04-08 02:48:27.178469,1
88,2025-03-31 02:48:27.178477,1
89,2025-04-12 02:48:27.178485,1
90,2025-04-13 02:48:27.178492,1
91,2025-03-22 02:48:27.178500,1
92,2025-04-17 02:48:27.178508,1
93,2025-04-13 02:48:27.178516,1
94,2025-04-01 02:48:27.178524,1
95,2025-04-17 02:48:27.178532,1
96,2025-04-01 02:48:27.178539,0
97,2025-03-20 02:48:27.178547,1
98,2025-04-04 02:48:27.178555,1
99,2025-03-23 02:48:27.178563,0
100,2025-03-31 02:48:27.178571,0
101,2025-04-17 02:48:27.178579,1
102,2025-03-30 02:48:27.178587,1
103,2025-03-25 02:48:27.178594,0
104,2025-04-13 02:48:27.178602,1
105,2025-04-18 02:48:27.178610,1
106,2025-03-26 02:48:27.178618,1
107,2025-04-04 02:48:27.178626,1
108,2025-03-22 02:48:27.178634,1
109,2025-03-20 02:48:27.178642,1
110,2025-03-27 02:48:27.178650,1
111,2025-04-09 02:48:27.178658,1
112,2025-03-31 02:48:27.178667,1
113,2025-04-02 02:48:27.178675,1
114,2025-04-14 02:48:27.178683,0
115,2025-03-21 02:48:27.178691,1
116,2025-04-15 02:48:27.178699,1
117,2025-04-09 02:48:27.178707,1
118,2025-03-26 02:48:27.178715,1
119,2025-04-02 02:48:27.178722,1
120,2025-04-09 02:48:27.178730,0
121,2025-04-02 02:48:27.178737,1
122,2025-03-22 02:48:27.178745,1
123,2025-03-30 02:48:27.178753,1
124,2025-03-26 02:48:27.178760,1
125,2025-04-14 02:48:27.178768,1
126,2025-04-17 02:48:27.178776,1
127,2025-04-13 02:48:27.178785,1
128,2025-03-29 02:48:27.178793,1
129,2025-04-17 02:48:27.178801,1
130,2025-04-06 02:48:27.178811,1
131,2025-03-20 02:48:27.178818,1
132,2025-04-08 02:48:27.178826,1
133,2025-04-08 02:48:27.178834,1
134,2025-04-03 02:48:27.178841,1
135,2025-04-08 02:48:27.178849,1
136,2025-03-31 02:48:27.178857,0
137,2025-04-04 02:48:27.178865,1
138,2025-03-25 02:48:27.178873,1
139,2025-03-27 02:48:27.178880,1
140,2025-03-27 02:48:27.178888,0
141,2025-04-03 02:48:27.178896,1
142,2025-04-08 02:48:27.178903,1
143,2025-03-28 02:48:27.178911,1
144,2025-04-03 02:48:27.178919,1
145,2025-04-11 02:48:27.178927,1
146,2025-04-15 02:48:27.178935,1
147,2025-04-11 02:48:27.178942,1
148,2025-04-15 02:48:27.178950,1
149,2025-03-26 02:48:27.178958,1
150,2025-03-25 02:48:27.178966,1
151,2025-04-16 02:48:27.178974,1
152,2025-04-16 02:48:27.178982,1
153,2025-03-23 02:48:27.178990,1
154,2025-03-21 02:48:27.178997,1
155,2025-04-01 02:48:27.179005,1
156,2025-03-21 02:48:27.179013,1
157,2025-03-24 02:48:27.179021,1
158,2025-03-31 02:48:27.179029,1
159,2025-03-31 02:48:27.179036,1
160,2025-03-29 02:48:27.179044,1
161,2025-04-14 02:48:27.179052,1
162,2025-04-01 02:48:27.179059,1
163,2025-03-22 02:48:27.179067,1
164,2025-04-09 02:48:27.179075,1
165,2025-03-21 02:48:27.179083,0
166,2025-03-28 02:48:27.179091,1
167,2025-03-29 02:48:27.179100,1
168,2025-04-13 02:48:27.179108,1
169,2025-04-18 02:48:27.179116,1
170,2025-04-14 02:48:27.179123,1
171,2025-04-10 02:48:27.179131,0
172,2025-04-07 02:48:27.179155,1
173,2025-03-24 02:48:27.179165,1
174,2025-04-05 02:48:27.179173,1
175,2025-04-17 02:48:27.179181,1
176,2025-04-02 02:48:27.179189,1
177,2025-04-05 02:48:27.179196,1
178,2025-03-24 02:48:27.179204,0
179,2025-04-06 02:48:27.179212,1
180,2025-03-23 02:48:27.179219,1
181,2025-04-10 02:48:27.179227,1
182,2025-03-24 02:48:27.179235,1
183,2025-03-25 02:48:27.179242,1
184,2025-04-04 02:48:27.179250,1
185,2025-03-25 02:48:27.179258,1
186,2025-03-28 02:48:27.179266,1
187,2025-04-04 02:48:27.179274,1
188,2025-03-26 02:48:27.179282,0
189,2025-03-20 02:48:27.179290,1
190,2025-04-08 02:48:27.179297,1
191,2025-04-03 02:48:27.179305,1
192,2025-03-21 02:48:27.179312,1
193,2025-04-02 02:48:27.179320,1
194,2025-03-24 02:48:27.179327,1
195,2025-04-15 02:48:27.179334,1
196,2025-04-18 02:48:27.179340,1
197,2025-04-11 02:48:27.179347,1
198,2025-04-02 02:48:27.179354,1
199,2025-04-16 02:48:27.179358,1
200,2025-03-21 02:48:27.179362,1
